name,organization,grades,boroughs_served,fields,cost,financial_aid,opportunity_type,bronx_priority,application_status,description,url,location,stipend,application_opens,deadline,program_dates,selectivity,selectivity_label,academic_intensity,application_requirements,recommendation_required,last_verified,difficulty_note,eligibility_summary,financial_aid_status,acceptance_rate,acceptance_rate_confidence,acceptance_rate_source
Regeneron Science Talent Search,Society for Science / Regeneron,12,Bronx;Manhattan;Brooklyn;Queens;Staten Island,Biology;Physics;Mathematics;Computer Science;Artificial Intelligence;Data Science;Engineering;Environmental Science;Biomedical Engineering,Free,Not needed — fully funded,Competition,No,"OPEN NOW — 2027 application closes November 5, 2026 at 8 PM ET","One of the nation's premier high school science research competitions. Seniors submit original independent research, a research report, essays, transcripts, and recommendations. Around 2,600 students entered the 2026 competition and 300 were named scholars.",https://www.societyforscience.org/regeneron-sts/,National,"Up to $250,000 top award","June 1, 2026","November 5, 2026",2027 competition cycle,5,Extremely Competitive,5,Original independent research; research report; application essays; transcript; recommendations,Yes,2026-08-16,★★★★★ — Intended for students with substantial original research; rating is a STEM Pathways NYC estimate.,U.S. high school seniors submitting original independent research,Not needed — fully funded,~12%,Calculated,"Calculated from official 2026 Regeneron STS reporting: about 300 scholars named from around 2,600 entrants (300 / 2,600 × 100 ≈ 11.5%). Scholar selection is not the same as the later finalist round."
Congressional App Challenge,U.S. House of Representatives / Internet Education Foundation,9;10;11;12,Bronx;Manhattan;Brooklyn;Queens;Staten Island,Computer Science;Artificial Intelligence;Data Science;Computer Engineering;Engineering;Robotics,Free,Not needed — fully funded,Competition,No,"OPEN NOW — deadline October 26, 2026 at 12 PM ET",A nationwide coding competition in which middle and high school students build and submit an original app. Students compete within participating congressional districts and may work individually or in teams of up to four.,https://www.congressionalappchallenge.us/students/student-registration/,Your participating congressional district,No standard stipend,"May 1, 2026","October 26, 2026",May–October 2026,2,Accessible to Competitive,3,Build an original app; register in a participating congressional district; follow district and competition rules,No,2026-08-16,★★☆☆☆ — Entry is broadly accessible; winning a district is more competitive.,Middle and high school students in a participating congressional district,Not needed — fully funded,1 winner per participating district,Estimated — High confidence,Official contest structure: students compete in their congressional district and one winning app is selected per participating district. There is no single national percentage.
Diamond Challenge,University of Delaware Horn Entrepreneurship,9;10;11;12,Bronx;Manhattan;Brooklyn;Queens;Staten Island,Engineering;Computer Science;Artificial Intelligence;Environmental Science;Biomedical Engineering;Data Science;Robotics,Free,Not needed — fully funded,Competition,No,"2027 submission window opens September 16, 2026","A global entrepreneurship competition for high school teams developing business or social-impact ventures. Teams create an original solution, develop a concept, and compete through submission and pitching rounds for more than $100,000 in awards.",https://diamondchallenge.org/competition/,Global / Virtual and live pitch options,Awards available,"September 16, 2026","January 14, 2027",September 2026 – April 2027,3,Competitive,3,Team of 2–4 students ages 14–18; adult advisor; venture concept and competition submission,No,2026-08-16,"★★★☆☆ — Open-entry first round, but advancing to pitching and finals is competitive.",High school teams of 2–4 students ages 14–18 with an adult advisor,Not needed — fully funded,~10–25% estimated,Estimated — Low confidence,First round is relatively open; advancing to later pitch rounds is more selective. Unofficial estimate; no official overall rate is published.
MITES Summer,MIT,11,Bronx;Manhattan;Brooklyn;Queens;Staten Island,Engineering;Electrical Engineering;Mechanical Engineering;Computer Engineering;Computer Science;Artificial Intelligence;Mathematics;Physics,Free,Not needed — fully funded,Summer Program,No,Expected to open November 2026; typically due February 1,"A free six-week residential STEM experience at MIT for students applying during 11th grade. Students complete rigorous STEM coursework, electives, college preparation, and community-building experiences.",https://mites.mit.edu/discover-mites/mites-summer/,"MIT — Cambridge, Massachusetts",Program is free; room and board included,Typically November,Typically February 1,Six weeks during summer,5,Extremely Competitive,5,Application; academic information; essays; recommendations and supporting materials required by MITES,Yes,2026-08-16,★★★★★ — National MIT program with rigorous academic expectations and holistic selection.,"Current 11th graders; U.S. citizen, permanent resident, or MITES-eligible noncitizen",Not needed — fully funded,~1.5–4% estimated,Estimated — Moderate confidence,"Unofficial estimate from secondary reports, including a commonly cited ~62 of ~4,100 figure; MIT does not publish an official rate."
MITES Semester,MIT,11,Bronx;Manhattan;Brooklyn;Queens;Staten Island,Engineering;Computer Science;Artificial Intelligence;Data Science;Mathematics;Physics,Free,Not needed — fully funded,Summer Program,No,Expected to open November 2026; typically due February 1,"A free six-month hybrid STEM enrichment experience for rising seniors. The program runs from summer through December and combines rigorous courses, projects, mentorship, and college preparation.",https://mites.mit.edu/discover-mites/mites-semester/,Hybrid / National,Free program,Typically November,Typically February 1,June–December,5,Extremely Competitive,5,Shares application and eligibility requirements with MITES Summer,Yes,2026-08-16,★★★★★ — National MIT program with intensive coursework and selective admission.,Current 11th graders; shares the MITES application,Not needed — fully funded,~1.5–4% estimated,Estimated — Moderate confidence,Shares the MITES Summer application. Unofficial MITES Summer estimates are typically ~1.5–4%; MIT does not publish an official rate.
MIT Beaver Works Summer Institute,MIT Lincoln Laboratory / MIT Beaver Works,11,Bronx;Manhattan;Brooklyn;Queens;Staten Island,Engineering;Computer Science;Artificial Intelligence;Computer Engineering;Electrical Engineering;Robotics;Data Science,Free for qualifying families; otherwise tuition may apply,Need-based support available; the program can be free for qualifying families,Summer Program,No,2026 cycle completed; prepare for 2027 registration and prerequisite courses,"A four-week project-based STEM institute for students entering senior year. Courses include areas such as autonomous systems, AI, cybersecurity, embedded technology, radar, satellites, quantum software, and microelectronics. Students must complete prerequisite online work before summer selection.",https://bwsi.mit.edu/,MIT / Virtual prerequisite courses,No standard stipend,Online registration historically begins in winter,Summer application follows prerequisite coursework,Four-week summer institute plus prerequisite coursework,5,Extremely Competitive,5,Register for prerequisite course; successfully complete required online work; submit summer application and essays,Varies,2026-08-16,★★★★★ — Advanced prerequisite coursework acts as an additional selection stage before summer admission.,Students entering 12th grade; required online prerequisite coursework before summer selection,Need-based support available; the program can be free for qualifying families,~10–20% estimated,Estimated — Low confidence,Selectivity varies by BWSI course. Unofficial reporting places many courses in a roughly 10–20% range; MIT does not publish a single official rate.
Summer Science Program,SSP International,11,Bronx;Manhattan;Brooklyn;Queens;Staten Island,Physics;Biology;Biochemistry;Mathematics;Data Science;Computer Science,Varies by family income,Need-based / sliding-scale pricing; stipends may be available for students with high financial need,Research,No,2026 closed; 2027 application not yet announced,"A rigorous five-week residential research experience for high school juniors. Students conduct collaborative research in areas such as astrophysics, biochemistry, bacterial genomics, cell biology, and related scientific disciplines.",https://ssp.org/,Multiple U.S. university campuses,Some students with high financial need may receive cash stipends,Future cycle not yet announced,Future cycle not yet announced,Five-week residential summer program,5,Extremely Competitive,5,Academic prerequisites depend on research track; full application and supporting materials,Varies,2026-08-16,★★★★★ — Intensive research program for highly motivated students with significant academic preparation.,Current 11th graders • Track-specific academic prerequisites,Need-based / sliding-scale pricing; stipends may be available for students with high financial need,~5–15% estimated,Estimated — Low confidence,"Secondary sources disagree (about 4–5% in some guides, 10–15% in others); SSP does not publish an official rate."
Simons Summer Research Program,Stony Brook University,11,Bronx;Manhattan;Brooklyn;Queens;Staten Island,Engineering;Biology;Physics;Mathematics;Computer Science;Biomedical Engineering;Environmental Science,Free,Not needed — fully funded (tuition). Housing/dining billed separately for residential students.,Research,No,2026 closed; watch for 2027 nomination and application cycle,"A research apprenticeship in which high school juniors join Stony Brook faculty research groups, work on a research project, and produce a research abstract and poster. Schools may have nomination limits.",https://www.stonybrook.edu/simons/,"Stony Brook University — Long Island, New York",No standard stipend listed,Future cycle not yet announced,2026 deadline was February 5,Six weeks; 2026 ran June 29–August 7,5,Extremely Competitive,5,Current junior; age 16+ by program start; U.S. citizen or permanent resident; school nomination; application; recommendations,Yes,2026-08-16,★★★★★ — School nomination plus national research selection makes admission exceptionally competitive.,Current 11th graders • U.S. citizen or permanent resident • School nomination required,Not needed — fully funded (tuition). Housing/dining billed separately for residential students.,about <5%,Official,Stony Brook Simons application guidelines: “Percentage of students admitted: about <5%”.
Garcia Summer Research Program,Stony Brook University Garcia Center,10;11;12,Bronx;Manhattan;Brooklyn;Queens;Staten Island,Engineering;Materials Engineering;Chemistry;Physics;Biology;Mathematics,"$4,000 laboratory fee plus optional housing",No aid stated on current Garcia program materials,Research,No,2026 closed; future cycle not yet announced,An intensive research program centered on materials science and engineered interfaces. High school researchers work in laboratories and may continue projects beyond the summer.,https://www.stonybrook.edu/garcia/summer-program/apply.html,"Stony Brook University — Long Island, New York",No standard stipend listed,Future cycle not yet announced,Future cycle not yet announced,2026 ran June 24–August 7,4,Highly Competitive,5,Age 16+; approximately 3.8 unweighted GPA; strong coursework; qualifying standardized scores; transcript; three recommendations,Yes — three letters required in 2026,2026-08-16,★★★★☆ — Very high academic thresholds and extensive application requirements.,Ages 16+ • About 3.8 unweighted GPA • Strong STEM coursework,No aid stated on current Garcia program materials,~10–15% estimated,Estimated — Moderate confidence,Unofficial secondary estimates commonly cite about 10–15%; Garcia does not publish an official rate.
Rockefeller Summer Science Research Program,The Rockefeller University / RockEDU,11;12,Bronx;Manhattan;Brooklyn;Queens;Staten Island,Biology;Biochemistry;Biomedical Engineering;Data Science;Research,Free,Not needed — fully funded,Research,Yes,2026 closed; future cycle not yet announced,A free full-time team-based mentored research experience for high school juniors and seniors. Students work with scientists on hands-on laboratory research and participate in a research community at Rockefeller University.,https://www.rockefeller.edu/outreach/ssrp/,The Rockefeller University — Manhattan,No standard stipend listed,"2026 opened October 13, 2025","2026 deadline was January 2, 2026",2026: June 22–August 6,4,Highly Competitive,5,Current junior or senior; age 16+ by program start; full-time availability; application; recommendation,Yes,2026-08-16,★★★★☆ — Intensive mentored research with limited capacity at a major biomedical research institution.,Current juniors and seniors • Age 16+ • Full-time summer commitment,Not needed — fully funded,~5–15% estimated,Estimated — Low confidence,Unofficial estimate for Rockefeller SSRP; the university does not publish an official rate.
RockEDU Jumpstart,The Rockefeller University / RockEDU,11;12,Bronx;Manhattan;Brooklyn;Queens;Staten Island,Biology;Biochemistry;Biomedical Engineering;Research,Free,Not needed — fully funded,Research,Yes,2026 closed; future cycle not yet announced,A selective NYC program supporting 16 high school students through after-school laboratory training followed by full-time participation in Rockefeller's Summer Science Research Program.,https://www.rockefeller.edu/outreach/lab-jumpstart/,The Rockefeller University — Manhattan,No standard stipend listed,Future cycle not yet announced,Future cycle not yet announced,Spring after-school phase + full-time summer research,5,Extremely Competitive,5,NYC high school student; junior or senior; age 16+ by summer; commitment to spring and summer phases,Varies,2026-08-16,★★★★★ — Rockefeller states the program supports only 16 high school students.,NYC high school juniors and seniors • Age 16+,Not needed — fully funded,~5–15% estimated,Estimated — Low confidence,Jumpstart supports 16 students. Unofficial estimate from cohort size and selectivity reporting; Rockefeller does not publish applicant counts.
Rockefeller Summer Neuroscience Program,The Rockefeller University,9;10;11;12,Bronx;Manhattan;Brooklyn;Queens;Staten Island,Biology;Neuroscience;Biomedical Engineering;Research,Free,Not needed — fully funded,Summer Program,Yes,2026 closed; future cycle not yet announced,"A two-week neuroscience program for NYC public high school students. Students explore modern neuroscience, visit research facilities, work with mentors, and design experiments.",https://www.rockefeller.edu/outreach/snp/,The Rockefeller University — Manhattan,No standard stipend listed,Future cycle not yet announced,2026 deadline was March 15,Two-week summer program,3,Competitive,4,NYC public high school student; application materials vary by cycle,Varies,2026-08-16,"★★★☆☆ — Selective research enrichment, but shorter and broader-access than Rockefeller's full SSRP.",NYC public high school students • Age 16+,Not needed — fully funded,~15–30% estimated,Estimated — Low confidence,Unofficial estimate for this short NYC public-school neuroscience program; Rockefeller does not publish an official rate.
MSK Summer Student Program,Memorial Sloan Kettering Cancer Center,11,Bronx;Manhattan;Brooklyn;Queens;Staten Island,Biology;Biomedical Engineering;Computer Science;Data Science;Chemistry;Engineering,Free,Not needed — fully funded,Internship,Yes,2026 closed; future cycle expected to open in winter,"An eight-week paid biomedical or computational research internship at Memorial Sloan Kettering. Students work in MSK laboratories with mentors and complete a research project. MSK reports approximately 20 interns selected from 1,000+ applications.",https://www.mskcc.org/education-training/summer-student,Memorial Sloan Kettering — Manhattan,"$1,200 for 2026","2026 opened December 1, 2025",2026 deadline was February 6,Eight weeks; 2026 ran June 29–August 21,5,Extremely Competitive,5,Current junior; within 25 miles of MSK main campus; legally authorized to work in U.S.; 3.5 science GPA; essays; resume; transcripts; two recommendations,Yes — two,2026-08-16,★★★★★ — MSK reports roughly a 2% acceptance rate.,High school students age 14+ (18+ for some labs) • Strong science interest,Not needed — fully funded,~5–15% estimated,Estimated — Low confidence,MSK reports sponsoring over 20 students annually. Unofficial estimate from cohort size; applicant count is not published.
MSK Bridge to Biostats Summer Program,Memorial Sloan Kettering Cancer Center,9;10;11;12,Bronx;Manhattan;Brooklyn;Queens;Staten Island,Data Science;Mathematics;Biology;Computer Science;Statistics;Biomedical Engineering,Free,Not needed — fully funded,Internship,Yes,2026 closed; future cycle not yet announced,"A paid in-person program for NYC high school students interested in biostatistics, cancer data science, computing, and quantitative biomedical research.",https://www.mskcc.org/departments/epidemiology-biostatistics/educational-opportunities/bridge-biostats,Memorial Sloan Kettering — New York City,Paid program; future stipend amount should be verified when announced,Typically winter application cycle,2026 cycle closed,Approximately six weeks,4,Highly Competitive,4,"NYC high school student; interest and aptitude in data science, statistics, computing, or biomedical research; cycle-specific application",Varies,2026-08-16,★★★★☆ — Paid NYC research/data-science opportunity with limited placement capacity.,Rising seniors interested in biostatistics and quantitative biology,Not needed — fully funded,~10–25% estimated,Estimated — Low confidence,Unofficial estimate for this selective paid NYC data-science program; MSK does not publish an official rate.
NYU ARISE,NYU Tandon School of Engineering,10;11,Bronx;Manhattan;Brooklyn;Queens;Staten Island,Engineering;Computer Science;Artificial Intelligence;Data Science;Biomedical Engineering;Biology;Robotics;Environmental Science,Free,Free program; provides support for accepted students (verify details),Research,Yes,2026 completed; prepare for next application cycle,A free 10-week program for rising juniors and seniors who are full-time NYC residents attending NYC schools. Students complete research training and then work in NYU laboratories. The program includes approximately 150 hours of laboratory experience.,https://k12stem.engineering.nyu.edu/programs/arise,NYU Tandon — Brooklyn,"$2,000 upon successful completion",Future cycle not yet announced,"February 27, 2026 at 5 PM",2026: June 1–August 14,4,Highly Competitive,5,Rising junior or senior; full-time NYC resident; must attend an NYC school,Optional in 2026,2026-08-21,★★★★☆ — Substantial free NYC laboratory research experience with selective lab placement.,NYC high school students; rising juniors/seniors; full-time NYC residents; STEM interest required,Free program; provides support for accepted students (verify details),Estimated 5–10%,Estimated — Moderate confidence,Not officially reported; highly competitive research program. Unofficial estimate based on the reported ~75-student cohort and secondary applicant reporting.
Cooper Union Summer STEM,The Cooper Union,9;10;11,Bronx;Manhattan;Brooklyn;Queens;Staten Island,Engineering;Electrical Engineering;Mechanical Engineering;Computer Engineering;Computer Science;Robotics,"3-week course $3,150; 6-week course $5,150",Yes — full and partial need-based fee waivers available. Full waiver: household income at or below 100% of NYC Area Median Income. Partial or full waiver may be available up to 120% of NYC AMI. Priority for NYC public-school students and NYC residents. Aid is limited and not guaranteed.,Summer Program,Yes,"Summer STEM 2027 applications launch December 11, 2026","A highly selective engineering and computer science program offering three- and six-week college-level courses and projects. Topics have included electronics, programming, engineering design, sustainability, and research-related work.",https://cooper.edu/engineering/stem/summer,The Cooper Union — Manhattan,None / Not paid,"December 11, 2026","March 27, 2026 at 11:59 PM ET",Three- or six-week summer courses,4,Highly Competitive,4,"Students who completed grades 9, 10, or 11; international students may apply, but Cooper does not sponsor visas",Varies,2026-08-21,★★★★☆ — Cooper explicitly describes Summer STEM as highly selective.,"Students who completed grades 9, 10, or 11; international students may apply, but Cooper does not sponsor visas",Yes — full and partial need-based fee waivers available. Full waiver: household income at or below 100% of NYC Area Median Income. Partial or full waiver may be available up to 120% of NYC AMI. Priority for NYC public-school students and NYC residents. Aid is limited and not guaranteed.,~15–35% estimated,Estimated — Low confidence,Not officially reported. Cooper FAQs say typical classes enroll about 20–25 students (some lab sections 8–10). Unofficial estimate based on small cohort size and competitive NYC STEM demand.
Columbia SHAPE,Columbia Engineering,9;10;11;12,Bronx;Manhattan;Brooklyn;Queens;Staten Island,Engineering;Electrical Engineering;Mechanical Engineering;Computer Engineering;Computer Science;Artificial Intelligence;Robotics;Biomedical Engineering,"Paid; 2026 commuter program cost exceeded $5,000",Need-based full scholarships available for domestic students,Summer Program,Yes,2026 closed; future application cycle expected around late fall,"A three-week project-based engineering pre-college program taught by Columbia Engineering faculty. Courses cover areas including robotics, computer science, electrical engineering, innovation and design, plus workshops and company visits.",https://outreach.engineering.columbia.edu/content/shape-summer-high-school-academic-program-engineers,Columbia University — Manhattan,No standard stipend,"2026 opened November 25, 2025",2026 final deadline was March 2,Two three-week sessions in summer,3,Competitive,4,Application; transcript; recommendation/supporting materials; scholarship materials if requesting aid,Yes,2026-08-16,★★★☆☆ — Strong academic program; selectivity is estimated below elite research programs because it is tuition-based and uses rolling admissions.,Rising sophomores through recent graduates • Open beyond NYC,Need-based full scholarships available for domestic students,~15–35% estimated,Estimated — Low confidence,No official rate. Wide unofficial estimate for this tuition-based pre-college program based on secondary descriptions of selectivity.
Columbia Science Honors Program,Columbia University,10;11;12,Bronx;Manhattan;Brooklyn;Queens;Staten Island,Mathematics;Physics;Computer Science;Biology;Engineering;Chemistry,$900 for 2026–27,Need-based program fee waivers available for documented financial hardship,College Course,Yes,2026–27 application closed; future cycle not yet announced,"A long-running Saturday academic-year program offering advanced science and mathematics courses to high school students. Admission includes an application, recommendation, and competitive examination. Need-based tuition waivers may be available.",https://outreach.engineering.columbia.edu/SHP,Columbia University — Manhattan,No stipend,Future cycle not yet announced,2026–27 closed,Academic-year Saturday program,4,Highly Competitive,5,Application; academic record; recommendation; approximately two-hour admissions exam,Yes,2026-08-16,★★★★☆ — Admission includes a dedicated examination and recommendation.,Grades 10–12 • Live within 75 miles of Columbia,Need-based program fee waivers available for documented financial hardship,~15–25% estimated,Estimated — Low confidence,SHP is highly selective and historically enrolls a few hundred students; Columbia does not publish applicant counts or an official rate.
CCNY STEM Research Academy,The City College of New York / College Now,10;11,Bronx;Manhattan;Brooklyn;Queens;Staten Island,Biology;Engineering;Environmental Science;Mathematics;Research,Free,Not needed — fully funded,Research,Yes,Spring/Summer 2026 completed; future cycle not yet announced,A two-stage program beginning with a free spring research science course. Selected students who complete the course may apply for a summer research internship with CUNY or CCNY faculty.,https://www.ccny.cuny.edu/collegenow/stem-research-academy,City College of New York — Manhattan,"Summer researchers may be eligible for a stipend; 2026 amount was $1,575","2026 opened November 20, 2025",2026 deadline was January 16,Spring course followed by optional five-week summer research,3,Competitive,4,NYC public high school 10th or 11th grader; academic eligibility; transcript; 300–350 word essay; teacher recommendation,Yes,2026-08-16,★★★☆☆ — Spring cohort was limited to 25 students and summer research to 10 of those students.,NYC public high school 10th or 11th graders • Campus academic eligibility,Not needed — fully funded,~20–40% estimated,Estimated — Low confidence,Campus materials have cited small spring cohorts (for example 25 students). Unofficial estimate; no official rate is published.
CCNY STEM Institute,The City College of New York,9;10;11;12,Bronx;Manhattan;Brooklyn;Queens;Staten Island,Engineering;Computer Science;Mathematics;Physics;Research,Free,Not needed — fully funded,College Course,Yes,Fall 2026 programs listed; check official Apply Now page for current availability,"A free CCNY program providing STEM and test-preparation opportunities to middle and high school students, including College Now and STEM coursework. Offerings vary by semester.",https://stem.ccny.cuny.edu/,City College of New York — Manhattan,No standard stipend,Varies by semester,Varies by semester,"Fall, spring, and summer offerings",2,Moderately Competitive,3,Eligibility varies by course or program; application required,Varies,2026-08-16,★★☆☆☆ — Accessibility varies by course; some College Now or research tracks have additional academic requirements.,Middle and high school students • Eligibility varies by CCNY course,Not needed — fully funded,~40–70% estimated,Estimated — Low confidence,More accessible CCNY enrichment with course-by-course capacity. Unofficial estimate; no official rate is published.
Baruch STEP Academy,Baruch College / CUNY,7;8;9;10;11;12,Bronx;Manhattan;Brooklyn;Queens;Staten Island,Mathematics;Biology;Computer Science;Data Science;Engineering;Research,Free,Not needed — fully funded,College Course,Yes,Fall programs announced; join official listserv for application notice,"A New York State-funded pre-college STEM program offering high school enrichment, neuroscience research, math and science coursework, SAT preparation, and college-preparatory programming.",https://step.baruch.cuny.edu/,Baruch College — Manhattan,No standard stipend,Varies by semester,Varies by semester,Academic-year and summer programs,3,Competitive,3,Application; academic record; essays; transcript/report card; teacher evaluation; eligibility documentation,Yes / Teacher evaluation,2026-08-16,★★★☆☆ — Baruch states admission is selective and based primarily on academic record.,NYS students in grades 7–12 • Underrepresented in STEM or economically disadvantaged,Not needed — fully funded,~20–40% estimated,Estimated — Low confidence,NYS STEP programs are selective on academics and eligibility. Unofficial estimate; Baruch does not publish an official rate.
Einstein Enrichment Program,Albert Einstein College of Medicine,7;8;9;10;11;12,Bronx,Biology;Biomedical Engineering;Chemistry;Mathematics;Health Science;Research,Free,Not needed — fully funded,College Course,Yes,Check Einstein pathway program for current recruitment information,A Bronx-focused STEP program providing middle and high school students who live and attend school in the Bronx with STEM and health-science enrichment and early exposure to careers in medicine.,https://einsteinmed.edu/education/pathway-programs/pathway-programs-middle-high-school-students,Albert Einstein College of Medicine — Bronx,Program-dependent,Varies,Varies,Academic-year and summer enrichment,3,Competitive,3,Must meet program eligibility; Bronx residency and school attendance apply to EEP,Varies,2026-08-16,★★★☆☆ — Selective enrichment pathway targeted specifically to Bronx students.,Bronx students in grades 7–12 who live and attend school in the Bronx,Not needed — fully funded,~20–40% estimated,Estimated — Low confidence,Bronx STEP program with academic/eligibility screens. Unofficial estimate; Einstein does not publish an official rate.
Einstein–Montefiore Summer High School Research Program,Albert Einstein College of Medicine / Montefiore,9;10;11;12,Bronx;Manhattan;Brooklyn;Queens;Staten Island,Biology;Biomedical Engineering;Health Science;Research,Check official program,Not stated on the current Einstein pathway listing,Research,Yes,Future application details should be checked on official Einstein page,A five-week full-time summer research experience for high school students age 16 and older interested in science and medicine. Students join Einstein research laboratories and present at an annual research day.,https://einsteinmed.edu/education/pathway-programs/pathway-programs-middle-high-school-students,Albert Einstein College of Medicine — Bronx,Check current cycle,Varies,Varies,Five-week summer research experience,4,Highly Competitive,5,Age 16+; program-specific application requirements,Varies,2026-08-16,★★★★☆ — Full-time mentored biomedical laboratory research; rating is an estimate because current acceptance data is not published.,High school students age 16+ interested in science and medicine,Not stated on the current Einstein pathway listing,~10–25% estimated,Estimated — Low confidence,Unofficial estimate for this 16+ summer lab research program; Einstein does not publish an official rate.
NASA GeneLab for High Schools,NASA Ames Research Center,10;11;12,Bronx;Manhattan;Brooklyn;Queens;Staten Island,Biology;Data Science;Computer Science;Bioinformatics;Biomedical Engineering,Free,Not needed — fully funded,Summer Program,No,2026 closed; watch for 2027 application,"A free virtual program in NASA space biology, omics, bioinformatics, and computational biology. The 2026 version provided 12 weeks of asynchronous training and an optional capstone pathway.",https://www.nasa.gov/ames/genelab-for-high-schools/,Virtual / NASA Ames Research Center,No stipend for 2026,2026 opened February 15,"2026 closed March 15 or when 1,000 applications were reached",2026: June 1–August 28,2,Moderately Competitive,4,U.S. citizen or permanent resident; rising junior/senior or incoming college freshman; biology course; 3.0 unweighted GPA; transcript; internet access,No,2026-08-16,★★☆☆☆ — NASA reported eligible applicants were generally accepted on a rolling basis until capacity was reached.,U.S. high school students; U.S. citizenship required,Not needed — fully funded,~5–15% estimated,Estimated — Low confidence,"The 2026 cycle capped applications around 1,000. Unofficial estimate; NASA does not publish an official GL4HS rate."
New York Academy of Sciences Junior Academy,New York Academy of Sciences,8;9;10;11;12,Bronx;Manhattan;Brooklyn;Queens;Staten Island,Engineering;Computer Science;Artificial Intelligence;Data Science;Biology;Environmental Science;Robotics,Free,Not needed — fully funded,Research,Yes,Fall 2026 closed; Spring 2027 recruitment typically occurs November–January,A virtual international STEM program for students ages 13–17. Teams work with STEM mentors on 8–10 week Innovation Challenges to research and design solutions to real-world problems.,https://www.nyas.org/learning/high-school-research-programs/the-junior-academy/,Virtual / International,Challenge-dependent awards may exist,Spring recruitment typically November–January,Spring deadline not yet posted,Fall and spring 8–10 week challenges,3,Competitive,3,Age 13–17; application; essays; parental consent; ability to collaborate virtually in English,No,2026-08-16,★★★☆☆ — Application-based global program; admission is selective but participation capacity is much larger than elite laboratory programs.,Students ages 13–17 worldwide; STEM interest required,Not needed — fully funded,~10–25% estimated,Estimated — Low confidence,NYAS says it receives thousands of applications worldwide. Unofficial estimate; no official rate is published.
Boston University RISE,Boston University,11,Bronx;Manhattan;Brooklyn;Queens;Staten Island,Biology;Biomedical Engineering;Computer Science;Data Science;Electrical Engineering;Mechanical Engineering;Physics;Chemistry;Neuroscience,Paid,Limited need-based financial aid available,Research,No,2026 closed; future cycle not yet announced,A six-week research program for students entering senior year. Internship students spend approximately 40 hours per week conducting university laboratory research; Practicum students complete structured computational research.,https://www.bu.edu/summer/high-school-programs/rise-internship-practicum/,"Boston University — Boston, Massachusetts",No standard stipend; scholarship aid available,Future cycle not yet announced,2026 deadline was February 4,Six-week summer program,4,Highly Competitive,5,Current junior entering senior year; U.S. citizen or permanent resident; transcript; essays; recommendation; strong academic record,Yes,2026-08-16,★★★★☆ — Boston University explicitly describes RISE as highly competitive and selective.,Rising seniors • U.S. citizen or permanent resident,Limited need-based financial aid available,~8–15% estimated,Estimated — Moderate confidence,Unofficial secondary estimates commonly fall around 8–15%; BU does not publish an official rate.
PROMYS,Boston University,9;10;11;12,Bronx;Manhattan;Brooklyn;Queens;Staten Island,Mathematics,"Up to $8,000 before aid","Full and partial need-based aid available; free for U.S. families with annual income under $80,000",Summer Program,No,2026 closed; PROMYS says 2027 application launches in January,"A six-week residential mathematics program for highly motivated students focused on deep mathematical exploration, proof, number theory, creative problem solving, and mathematical community.",https://promys.org/programs/promys/for-students/application/,"Boston University — Boston, Massachusetts","Need-based support; domestic students from families under $80,000 were free in 2026",Expected January 2027,2027 deadline not yet announced,Six-week summer program,5,Extremely Competitive,5,Age 14–18; completed grade 9; challenging application problem set; transcript; short answers; mathematics recommendation,Yes,2026-08-16,★★★★★ — Selection centers on a difficult mathematical problem set and demonstrated depth of mathematical thinking.,Ages 14–18 • Completed grade 9 • Not a full-time college student,"Full and partial need-based aid available; free for U.S. families with annual income under $80,000",~8–12% estimated,Estimated — Moderate confidence,Unofficial estimate based on a commonly cited cohort of about 80 students and secondary reports around 10%; PROMYS does not publish an official rate.
Stanford University Mathematics Camp (SUMaC),Stanford Pre-Collegiate Studies,10;11,Bronx;Manhattan;Brooklyn;Queens;Staten Island,Mathematics,Paid,Need-based financial aid available,Summer Program,No,2026 closed; future cycle not yet announced,An intensive advanced mathematics program for rising juniors and seniors. Students study topics beyond the standard high school curriculum and engage in proof-based mathematical work.,https://sumac.spcs.stanford.edu/,Stanford University / Online options vary by year,No standard stipend,Future cycle not yet announced,2026 deadline was February 2,Summer residential/online sessions,5,Extremely Competitive,5,Advanced mathematical preparation; application and admissions assessment/materials as required by Stanford,Varies,2026-08-16,★★★★★ — Advanced proof-based mathematics program for a small cohort of highly prepared students.,Rising juniors and seniors with advanced mathematical preparation,Need-based financial aid available,~5–10% estimated,Estimated — Moderate confidence,Unofficial secondary estimates commonly fall around 5–7%; Stanford does not publish an official SUMaC rate.
